{
  "swap": {
    "id": "quorum",
    "startTime": 1729870200000,
    "expiryTime": 1730215800000,
    "closeCount": 1,
    "data": {
      "imageUrl": "https://static.jup.ag/banner/quorum/quorum.png",
      "title": {
        "en": "Proposal: Increase Quorum for JupiterDAO",
        "fr": "",
        "id": "",
        "it-IT": "",
        "ja": "",
        "ru": "",
        "vi": "",
        "zh-SG": ""
      },
      "paragraphs": [
        {
          "text": {
            "en": "Vote whether to increase Quorum and continue to drive high participation in JupiterDAO. ",
            "fr": "",
            "id": "",
            "it-IT": "",
            "ja": "",
            "ru": "",
            "vi": "",
            "zh-SG": ""
          }
        }
      ],
      "buttons": [
        {
          "text": {
            "en": "Vote Now",
            "fr": "",
            "id": "",
            "it-IT": "",
            "ja": "",
            "ru": "",
            "vi": "",
            "zh-SG": ""
          },
          "link": "https://vote.jup.ag/proposal/PJVgLKqBa5LabApp9uU5rvxUgqp4RdUfBxVbEddLxWa"
        },
        {
          "text": {
            "en": "Read the Proposal",
            "fr": "",
            "id": "",
            "it-IT": "",
            "ja": "",
            "ru": "",
            "vi": "",
            "zh-SG": ""
          },
          "link": "https://www.jupresear.ch/t/jup-dao-quorum-vote/25694"
        }
      ]
    }
  }
}
